id,name,email,profile_id
1,Ivan Petrenko,customer001@example.com,1
2,Olena Shevchenko,customer002@example.com,2
3,Taras Melnyk,customer003@example.com,3
4,Maria Kovalenko,customer004@example.com,4
5,Andrii Bondar,customer005@example.com,5
6,Sofia Tkachenko,customer006@example.com,6
7,Dmytro Kravets,customer007@example.com,7
8,Kateryna Moroz,customer008@example.com,8
9,Bohdan Rudenko,customer009@example.com,9
10,Natalia Lysenko,customer010@example.com,10
11,Oleksandr Marchenko,customer011@example.com,11
12,Iryna Savchuk,customer012@example.com,12
13,Serhii Horbach,customer013@example.com,13
14,Yulia Pavlenko,customer014@example.com,14
15,Vladyslav Koval,customer015@example.com,15
16,Anastasiia Romanenko,customer016@example.com,16
17,Maksym Sydorenko,customer017@example.com,17
18,Alina Hrytsenko,customer018@example.com,18
19,Mykola Ostapenko,customer019@example.com,19
20,Oksana Levchenko,customer020@example.com,20
21,Pavlo Honchar,customer021@example.com,21
22,Viktoriia Polishchuk,customer022@example.com,22
23,Denys Zahorodnii,customer023@example.com,23
24,Tetiana Klymenko,customer024@example.com,24
25,Roman Bilyk,customer025@example.com,25
26,Daria Fedorenko,customer026@example.com,26
27,Yevhen Martyniuk,customer027@example.com,27
28,Veronika Hlushko,customer028@example.com,28
29,Artem Shulha,customer029@example.com,29
30,Liliia Chernenko,customer030@example.com,30
31,Vitalii Dovhan,customer031@example.com,31
32,Anna Tkach,customer032@example.com,32
33,Kyrylo Savchenko,customer033@example.com,33
34,Inna Vasylenko,customer034@example.com,34
35,Petro Hnatiuk,customer035@example.com,35
36,Halyna Oliinyk,customer036@example.com,36
37,Yaroslav Demchenko,customer037@example.com,37
38,Marharyta Zhuravel,customer038@example.com,38
39,Oleh Kushnir,customer039@example.com,39
40,Liudmyla Datsenko,customer040@example.com,40
41,Anton Shevchuk,customer041@example.com,41
42,Karina Boiko,customer042@example.com,42
43,Stepan Zaharchuk,customer043@example.com,43
44,Valeriia Litvin,customer044@example.com,44
45,Ihor Mazur,customer045@example.com,45
46,Nadiia Vorona,customer046@example.com,46
47,Vasyl Fedorchuk,customer047@example.com,47
48,Polina Sokolova,customer048@example.com,48
49,Stanislav Kucher,customer049@example.com,49
50,Lesia Kotsur,customer050@example.com,50
